source,target,status,avoid,note
Account,Hesab,evidence,,
Actions,Əməliyyatlar,evidence,,
Add,Əlavə et,evidence,,
Address,Ünvan,evidence,,
All,Hamısı,evidence,,
Appearance,Görünüş,evidence,,
Apply,Tətbiq et,evidence,,
April,Aprel,evidence,,
Author,Müəllif,evidence,,
Automatic,Avtomatik,evidence,,
Back,Geri,evidence,,
Calendar,Təqvim,evidence,,
Cancel,Ləğv et,evidence,,
Categories,Kateqoriyalar,evidence,,
Category,Kateqoriya,evidence,,
Change password,Parolu dəyiş,evidence,,
Clear,Təmizlə,evidence,,
Close,Bağla,evidence,,
Code,Kod,evidence,,
Comment,Şərh,evidence,,
Comments,Şərhlər,evidence,,
Continue,Davam et,evidence,,
Create,Yarat,evidence,,
Created,Yaradılıb,evidence,,
Date,Tarix,evidence,,
Day,Gün,evidence,,
Delete,Sil,evidence,,
Download,Endir,evidence,,
Email,E-poçt,evidence,,
Enabled,Aktivdir,evidence,,
Error,Xəta,evidence,,
Export,İxrac et,evidence,,
February,Fevral,evidence,,
File,Fayl,evidence,,
File name,Fayl adı,evidence,,
Filter,Süzgəc,evidence,,
Folder,Qovluq,evidence,,
Font size,Şrift ölçüsü,evidence,,
General,Ümumi,evidence,,
Green,Yaşıl,evidence,,
Group,Qrup,evidence,,
Help,Kömək,evidence,,
High,Yüksək,evidence,,
Image,Şəkil,evidence,,
Import,İdxal et,evidence,,
Info,Məlumat,evidence,,
Installing,Quraşdırılır,evidence,,
January,Yanvar,evidence,,
July,İyul,evidence,,
June,İyun,evidence,,
Key,Açar,evidence,,
Label,Etiket,evidence,,
Language,Dil,evidence,,
Large,Böyük,evidence,,
Left,Sol,evidence,,
Library,Kitabxana,evidence,,
Light,Açıq,evidence,,
List,Siyahı,evidence,,
Load more,Daha çox yüklə,evidence,,
Loading,Yüklənir,evidence,,
March,Mart,evidence,,
Medium,Orta,evidence,,
Monday,Bazar ertəsi,evidence,,
More,Daha çox,evidence,,
Name,Ad,evidence,,
Navigation,Naviqasiya,evidence,,
Network,Şəbəkə,evidence,,
New,Yeni,evidence,,
New password,Yeni parol,evidence,,
No,Xeyr,evidence,,
No results found,Nəticə tapılmadı,evidence,,
Notifications,Bildirişlər,evidence,,
Now,İndi,evidence,,
Open,Aç,evidence,,
Options,Seçimlər,evidence,,
Or,Və ya,evidence,,
Orange,Narıncı,evidence,,
Other,Digər,evidence,,
Paste,Yapışdır,evidence,,
Play,Oynat,evidence,,
Print,Çap et,evidence,,
Purple,Bənövşəyi,evidence,,
Quality,Keyfiyyət,evidence,,
Red,Qırmızı,evidence,,
Refresh,Yenilə,evidence,,
Reset,Sıfırla,evidence,,
Restore,Bərpa et,evidence,,
Right,Sağ,evidence,,
Role,Rol,evidence,,
Searching,Axtarılır,evidence,,
Security,Təhlükəsizlik,evidence,,
Select,Seç,evidence,,
Select all,Hamısını seç,evidence,,
Send,Göndər,evidence,,
Share,Paylaş,evidence,,
Sign in,Daxil ol,evidence,,
Small,Kiçik,evidence,,
Statistics,Statistika,evidence,,
Status,Vəziyyət,evidence,,
Stop,Dayandır,evidence,,
Submit,Göndər,evidence,,
System,Sistem,evidence,,
Table,Cədvəl,evidence,,
Text,Mətn,evidence,,
Title,Başlıq,evidence,,
Today,Bu gün,evidence,,
Tools,Alətlər,evidence,,
Type,Növ,evidence,,
Undo,Geri al,evidence,,
Unknown,Naməlum,evidence,,
Update,Yenilə,evidence,,
User,İstifadəçi,evidence,,
Username,İstifadəçi adı,evidence,,
Value,Dəyər,evidence,,
Warning,Xəbərdarlıq,evidence,,
Yes,Bəli,evidence,,
